date,symbol,name,Close,market_regime,fundamental_rank_score,fundamental_rank,fundamental_score,final_score,technical_score,stable_ensemble_score,rs20_rank_pct,rs60_rank_pct,ret5,ret20,ret60,rsi14,volume_ratio,ma20_deviation
2026-07-03,2059.TW,川湖,8000.0,bull,-1.0,1.0,100.0,88.93290617533229,85.24387490044306,0.2012074801203801,0.025949953660797,0.0269016697588126,0.1444921316165952,0.4953271028037382,1.4132730015082955,68.47457627118644,0.5808147347555338,0.1411454247200627
2026-07-03,2408.TW,南亞科,409.5,bull,-2.0,2.0,100.0,75.90365002786245,67.87153337048326,0.2175053157548655,0.3169601482854495,0.0732838589981447,-0.0879732739420935,0.0367088607594936,0.836322869955157,55.79119086460032,0.5572944159842537,-0.0130746520455504
2026-07-03,2330.TW,台積電,2445.0,bull,-5.0,5.0,99.15374073493592,76.95192800528991,69.55132376207457,0.3159297776817425,0.3614457831325301,0.2634508348794063,0.0448717948717949,0.0278922221536828,0.257191234489605,60.8,0.8358513719154818,0.0264382842030943
2026-07-03,2344.TW,華邦電,184.5,bull,-11.0,11.0,96.98400611250784,73.52599363140803,65.70665613770808,0.3212934207080743,0.3623725671918443,0.0658627087198515,-0.1065375302663438,0.0278551532033426,0.929916348795174,54.90196078431373,0.610752814961833,-0.0254852766406971
2026-07-03,1590.TW,亞德客-KY,1440.0,bull,-23.0,23.0,92.8369943680382,69.81937666589958,62.14683743185338,0.4192297557791623,0.1779425393883225,0.2105751391465677,0.0588235294117647,0.0992366412213741,0.3395348837209302,72.72727272727272,1.2036820678198477,0.0726256983240223
2026-07-03,6781.TW,AES-KY,1225.0,bull,-32.0,32.0,90.12488103756452,78.21250448897187,74.24171230610766,0.4835228932788317,0.2506950880444856,0.3181818181818182,0.1085972850678733,0.0606060606060605,0.2068965517241379,61.11111111111111,0.9852703696771582,0.0580868063053336
2026-07-03,6197.TW,佳必琪,372.5,bull,-33.0,33.0,89.98012274352672,83.62567096688932,81.50752037467686,0.2955814747700545,0.0908248378127896,0.0435992578849721,0.0441239117008518,0.2008248902628753,1.0882478234017037,68.43458727248304,0.6374558730094232,0.1029947937739921
2026-07-03,2458.TW,義隆,184.0,bull,-50.0,50.0,86.91654017956604,79.32165237259426,76.79002310360366,0.6873398895709382,0.1362372567191844,0.1771799628942486,0.069767441860465,0.1358024691358024,0.4045801526717556,68.65671641791045,0.7992999127457018,0.1057692307692308
2026-07-03,3014.TW,聯陽,160.0,bull,-51.0,51.0,86.91029224348934,75.40272731952658,71.56687234487232,0.7755578841600567,0.2437442075996292,0.2031539888682745,0.035598705501618,0.0631229235880399,0.3559322033898304,57.29166666666667,0.5411210043234249,0.0369410239792611
2026-07-03,3443.TW,創意,5040.0,bull,-63.0,63.0,83.63888359987813,85.56712770962383,86.20987574620574,0.7520637251670695,0.1158480074142724,0.0510204081632653,0.1402714932126696,0.1506730017715061,1.0171161113170628,61.53846153846153,0.8425547975018529,0.0787094012520734
2026-07-03,2025.TW,千興,13.649999618530272,bull,-72.0,72.0,82.3791102091105,66.90936765236685,61.75278680011898,0.9723540070052372,0.1501390176088971,0.349721706864564,0.0581395366029824,0.1188524452405279,0.1869564885678496,45.16128172197905,0.6950112509623529,-0.0183387524907713
2026-07-03,2345.TW,智邦,2735.0,bull,-93.0,93.0,78.68494419785428,77.97410155492096,77.73715400727652,0.6820165750393221,0.1927710843373494,0.1131725417439703,0.1491596638655461,0.0896414342629481,0.5994152046783625,67.85714285714286,0.89916186536627,0.1076237724005264
2026-07-03,3008.TW,大立光,4230.0,bull,-100.0,100.0,76.94531754874203,71.8253091824906,70.11863972707346,0.4938782072195552,0.1705282669138091,0.0714285714285714,-0.1038135593220338,0.1058823529411765,0.855263157894737,53.81818181818181,0.5229047447122079,-0.0550653412264046
2026-07-03,8081.TW,致新,319.5,bull,-105.0,105.0,76.58455198143469,80.39936645587507,81.67097128068853,0.7474075074956351,0.0889712696941612,0.1669758812615955,0.1138746732253359,0.2033824994767215,0.433817470730816,66.97014126623483,1.0201615002601516,0.1197598103604218
2026-07-03,2449.TW,京元電子,335.0,bull,-108.0,108.0,76.50720520459335,71.53407101041095,69.87635961235016,0.3256974323458957,0.303985171455051,0.3283858998144712,0.0876623376623375,0.0403726708074534,0.1964285714285714,65.49707602339181,0.9419616642450128,0.0864277606615857
2026-07-03,6139.TW,亞翔,948.0,bull,-113.0,113.0,75.64712525562624,82.28737830941617,84.50079599401282,0.9064130887334708,0.118628359592215,0.0899814471243042,0.0797266514806378,0.1490909090909091,0.7111913357400721,65.85365853658537,1.0842564267311416,0.1330225887414844
2026-07-03,4766.TW,南寶,370.5,bull,-121.0,121.0,74.91460354923571,72.35546574072546,71.50241980455537,0.5967146558396891,0.3012048192771084,0.3042671614100185,0.089705882352941,0.041013315026954,0.2166843849665436,66.70948740443666,1.5578192080412363,0.0580874989391273
2026-07-03,2327.TW,國巨*,1045.0,bull,-124.0,124.0,74.6112580577189,84.20054837487191,87.3969784805896,0.3898249202393802,0.0370713623725671,0.0046382189239332,0.0295566502463053,0.4165519665268642,2.8766045837422105,63.19444444444445,0.6619553637406047,0.0727601571576386
2026-07-03,2379.TW,瑞昱,783.0,bull,-127.0,127.0,74.41354387638152,79.7429671845973,81.51944162066923,0.8572255436489721,0.0648748841519925,0.1280148423005566,0.058108108108108,0.2548076923076923,0.5504950495049505,63.77295492487479,0.7033197195745159,0.0569654427645789
2026-07-03,6526.TW,達發,706.0,bull,-128.0,128.0,74.05844799557384,64.21666074417404,60.93606499370743,0.7194364244473,0.3632993512511585,0.160482374768089,0.1277955271565496,0.0276564774381369,0.4467213114754098,64.65863453815261,0.94927879052552,0.0589470526473676
2026-07-03,2441.TW,超豐,142.0,bull,-132.0,132.0,73.76313956490999,72.85110920183786,72.54709908081382,0.4181102327704177,0.3058387395736793,0.1428571428571428,0.0557620817843866,0.0402930402930403,0.5026455026455026,66.3716814159292,0.5334492082534351,0.0751466969524892
2026-07-03,6691.TW,洋基工程,762.0,bull,-138.0,138.0,72.9382876924978,79.07198621622067,81.11655239079495,0.97186250250044,0.0926784059314179,0.2272727272727272,-0.0390920554854981,0.1999999999999999,0.3092783505154639,61.44200626959248,0.8147635458977849,0.0608380899345677
2026-07-03,2480.TW,敦陽科,159.5,bull,-141.0,141.0,72.57043193555015,67.11544256701256,65.29711277750005,0.7106696208010661,0.2891566265060241,0.3256029684601113,0.042483660130719,0.0458972440441445,0.1990464516433934,67.25334058094867,0.5475627791228918,0.0487205038228515
2026-07-03,2476.TW,鉅祥,133.0,bull,-147.0,147.0,72.21370863120339,77.86548538985372,79.74941097607051,0.5012914283976453,0.1788693234476367,0.1808905380333951,0.0555555555555555,0.0991735537190081,0.4014752145576241,61.627906976744185,1.0384180261118368,0.060183339976086
2026-07-03,6257.TW,矽格,254.5,bull,-155.0,155.0,71.51600240927145,77.83423443845824,79.9403117815205,0.4148574695191115,0.1556997219647822,0.1484230055658627,0.1361607142857142,0.1162280701754385,0.4926686217008797,67.01030927835052,0.7924845363390479,0.1201584507042254
2026-07-03,2436.TW,偉詮電,75.9000015258789,bull,-157.0,157.0,71.40875700399049,65.52884751381687,63.56887768375899,0.4809184758654825,0.1955514365152919,0.2755102040816326,0.102197356108584,0.086846418001222,0.244586488237444,66.37564328841609,0.8480587273820769,0.0875533544206506
2026-07-03,8016.TW,矽創,334.0,bull,-160.0,160.0,70.50462844759238,75.74650615177995,77.49379871984247,0.6481363711626529,0.1232622798887859,0.0890538033395176,0.0739549839228295,0.1460182388898552,0.7218640067965136,70.43795620437956,0.5509927106926722,0.1010161463999279
2026-07-03,7631.TW,聚賢研發-創,160.5,bull,-171.0,171.0,69.1770822702721,77.126273733521,79.77600422127064,0.5759131632975265,0.0574606116774791,0.1567717996289425,-0.0116994702456421,0.276230526040111,0.4601916797545868,69.62279419391328,0.5114903858481382,0.1360114997300447
2026-07-03,6585.TW,鼎基,134.5,bull,-179.0,179.0,68.00003819985514,72.3097217889069,73.7462829852575,0.7175290107705043,0.0583873957367933,0.1586270871985157,0.0426356589147287,0.2743285864143201,0.4514296873674983,53.18258098301271,0.5590498745853391,0.0377952380077208
2026-07-03,2851.TW,中再保,38.45000076293945,bull,-201.0,201.0,65.92494981784269,72.98227563282526,75.3347175711528,0.5842003650573525,0.1668211306765523,0.2254174397031539,0.1001430593303835,0.1090994478731004,0.3141580274637863,65.4025185148377,0.723910223554115,0.0703976966728412
